Staff_ID,Staff_FName,Staff_LName,Dept,Position,Country,Email,Role,Unhashed_Password,approval_count,Reporting_Manager
130002,Jack,Sim,CEO,MD,Singapore,jack.sim@allinone.com.sg,1,WnehHvrs,0,
140001,Derek,Tan,Sales,Director,Singapore,Derek.Tan@allinone.com.sg,1,8kC3aOqu,0,130002.0
150008,Eric,Loh,Solutioning,Director,Singapore,Eric.Loh@allinone.com.sg,1,ggZE5HAT,0,130002.0
151408,Philip,Lee,Engineering,Director,Singapore,Philip.Lee@allinone.com.sg,1,PCxVpq6Z,0,130002.0
140894,Rahim,Khalid,Sales,Sales Manager,Singapore,Rahim.Khalid@allinone.com.sg,3,R76gbMxr,0,140001.0
140002,Susan,Goh,Sales,Account Manager,Singapore,Susan.Goh@allinone.com.sg,2,VQyn5IH3,0,140894.0
140003,Janice,Chan,Sales,Account Manager,Singapore,Janice.Chan@allinone.com.sg,2,9wZoPHvE,0,140894.0
140004,Mary,Teo,Sales,Account Manager,Singapore,Mary.Teo@allinone.com.sg,2,7QrwLty3,0,140894.0
140015,Oliva,Lim,Sales,Account Manager,Singapore,Oliva.Lim@allinone.com.sg,2,9lhyFlxr,0,140894.0
140025,Emma,Heng,Sales,Account Manager,Singapore,Emma.Heng@allinone.com.sg,2,MBlWTV8D,0,140894.0
140036,Charlotte,Wong,Sales,Account Manager,Singapore,Charlotte.Wong@allinone.com.sg,2,SpD1mZAP,0,140894.0
140078,Amelia,Ong,Sales,Account Manager,Singapore,Amelia.Ong@allinone.com.sg,2,1Rg4FB5e,0,140894.0
140102,Eva,Yong,Sales,Account Manager,Singapore,Eva.Yong@allinone.com.sg,2,tCNSrCfL,0,140894.0
140108,Liam,The,Sales,Account Manager,Singapore,Liam.The@allinone.com.sg,2,c1HpMwxc,0,140894.0
140115,Noah,Ng,Sales,Account Manager,Singapore,Noah.Ng@allinone.com.sg,2,Lr1GzdiG,0,140894.0
140525,Oliver,Tan,Sales,Account Manager,Singapore,Oliver.Tan@allinone.com.sg,2,QSLGa8OQ,0,140894.0
140736,William,Fu,Sales,Account Manager,Singapore,William.Fu@allinone.com.sg,2,5GkfD7PC,0,140894.0
140878,James,Tong,Sales,Account Manager,Singapore,James.Tong@allinone.com.sg,2,Y2TUNoLI,0,140894.0
140008,Jaclyn,Lee,Sales,Sales Manager,Singapore,Jaclyn.Lee@allinone.com.sg,3,cMg2GHQR,0,140001.0
140103,Sophia,Toh,Sales,Sales Manager,Singapore,Sophia.Toh@allinone.com.sg,3,5cNL5uS2,0,140001.0
140879,Siti,Abdullah,Sales,Sales Manager,Singapore,Siti.Abdullah@allinone.com.sg,3,67DtdS7f,0,140001.0
140944,Yee,Lim,Sales,Sales Manager,Singapore,Yee.Lim@allinone.com.sg,3,frWd4aiB,0,140001.0
140923,Ngoc,Trinh,Sales,Account Manager,Vietnam,Ngoc.Trinh@allinone.com.vn,2,cmDeP8jR,0,140944.0
140924,Manoj,Kumar,Sales,Account Manager,Vietnam,Manoj.Kumar@allinone.com.vn,2,DZIynn5W,0,140944.0
140925,Anh,Pham,Sales,Account Manager,Vietnam,Anh.Pham@allinone.com.vn,2,fXHNlnFf,0,140944.0
140926,Somsak,Somsri,Sales,Account Manager,Vietnam,Somsak.Somsri@allinone.com.vn,2,zbLYZ8H1,0,140944.0
150143,John,Lim,Engineering,Senior Engineers,Singapore,John.Lim@allinone.com.sg,2,DIijrSnt,0,151408.0
150065,Noah,Goh,Engineering,Senior Engineers,Singapore,Noah.Goh@allinone.com.sg,2,u7nPRyHh,0,151408.0
150075,Liam,Tan,Engineering,Senior Engineers,Singapore,Liam.Tan@allinone.com.sg,2,NYWV4Kfo,0,151408.0
150076,Oliver,Chan,Engineering,Junior Engineers,Singapore,Oliver.Chan@allinone.com.sg,2,8ZyWCGvM,0,151408.0
150085,Michael,Ng,Engineering,Junior Engineers,Singapore,Michael.Ng@allinone.com.sg,2,idwAXA9J,0,151408.0
150095,Alexander,The,Engineering,Junior Engineers,Singapore,Alexander.The@allinone.com.sg,2,ASGqOGb2,0,151408.0
150096,Ethan,Tan,Engineering,Junior Engineers,Singapore,Ethan.Tan@allinone.com.sg,2,qBQXxkO9,0,151408.0
150115,Jaclyn,Poh,Engineering,Junior Engineers,Singapore,Jaclyn.Poh@allinone.com.sg,2,Sfg1y8Te,0,151408.0
150118,William,Teo,Engineering,Junior Engineers,Singapore,William.Teo@allinone.com.sg,2,mm5DHVth,0,151408.0
150125,Mary,Ma,Engineering,Junior Engineers,Singapore,Mary.Ma@allinone.com.sg,2,rxBigJMb,0,151408.0
150126,Oliva,Lam,Engineering,Junior Engineers,Singapore,Oliva.Lam@allinone.com.sg,2,yXMCBAfj,0,151408.0
150138,Daniel,Fu,Engineering,Junior Engineers,Singapore,Daniel.Fu@allinone.com.sg,2,1yp3X9HC,0,151408.0
150142,James,Lee,Engineering,Junior Engineers,Singapore,James.Lee@allinone.com.sg,2,HZI7KfsV,0,151408.0
150245,Benjamin,Tan,Engineering,Call Centre,Singapore,Benjamin.Tan@allinone.com.sg,2,whV9dg0P,0,151408.0
150148,Jack,Heng,Engineering,Call Centre,Singapore,Jack.Heng@allinone.com.sg,2,cxk17BGv,0,151408.0
150155,Derek,Wong,Engineering,Call Centre,Singapore,Derek.Wong@allinone.com.sg,2,cFV4Li4t,0,151408.0
150162,Jacob,Tong,Engineering,Call Centre,Singapore,Jacob.Tong@allinone.com.sg,2,bsKFI7Am,0,151408.0
150163,Logan,Loh,Engineering,Call Centre,Singapore,Logan.Loh@allinone.com.sg,2,JAdh0lAS,0,151408.0
150165,Jacob,Ming,Engineering,Call Centre,Singapore,Jacob.Ming@allinone.com.sg,2,CoPAoo3i,0,151408.0
150166,James,Fu,Engineering,Call Centre,Singapore,James.Fu@allinone.com.sg,2,jYihwn8W,0,151408.0
150168,John,Fu,Engineering,Call Centre,Singapore,John.Fu@allinone.com.sg,2,1zhqjXIF,0,151408.0
150175,Jack,Tan,Engineering,Call Centre,Singapore,Jack.Tan@allinone.com.sg,2,FaSIXBNS,0,151408.0
150192,Derek,Heng,Engineering,Call Centre,Singapore,Derek.Heng@allinone.com.sg,2,TbXMY8yo,0,151408.0
150193,Benjamin,Wong,Engineering,Call Centre,Singapore,Benjamin.Wong@allinone.com.sg,2,cbmGOenO,0,151408.0
150198,Lucas,Ong,Engineering,Call Centre,Singapore,Lucas.Ong@allinone.com.sg,2,Sv4iAVES,0,151408.0
150205,Ethan,Yong,Engineering,Call Centre,Singapore,Ethan.Yong@allinone.com.sg,2,flPRasXc,0,151408.0
150208,Daniel,Tong,Engineering,Call Centre,Singapore,Daniel.Tong@allinone.com.sg,2,IdrDv2kF,0,151408.0
150215,Jacob,Lee,Engineering,Call Centre,Singapore,Jacob.Lee@allinone.com.sg,2,fWg23hXk,0,151408.0
150216,Logan,Lim,Engineering,Call Centre,Singapore,Logan.Lim@allinone.com.sg,2,Fq6AlRuq,0,151408.0
150232,Jackson,Loh,Engineering,Call Centre,Singapore,Jackson.Loh@allinone.com.sg,2,thBBy6m2,0,151408.0
150233,Aiden,Tan,Engineering,Call Centre,Singapore,Aiden.Tan@allinone.com.sg,2,EJDXH7Ao,0,151408.0
150238,Samuel,Tong,Engineering,Call Centre,Singapore,Samuel.Tong@allinone.com.sg,2,Z4J43ZUs,0,151408.0
150345,William,Heng,Engineering,Senior Engineers,Singapore,William.Heng@allinone.com.sg,2,YhQFgYbz,0,151408.0
150258,Daniel,Heng,Engineering,Senior Engineers,Singapore,Daniel.Heng@allinone.com.sg,2,jQtenH3H,0,151408.0
150265,Jaclyn,Tong,Engineering,Senior Engineers,Singapore,Jaclyn.Tong@allinone.com.sg,2,pZTjxKz7,0,151408.0
150275,Mary,Fu,Engineering,Junior Engineers,Singapore,Mary.Fu@allinone.com.sg,2,2tm03A7W,0,151408.0
150276,Oliva,Loh,Engineering,Junior Engineers,Singapore,Oliva.Loh@allinone.com.sg,2,998TMPwa,0,151408.0
150282,Jacob,Wong,Engineering,Junior Engineers,Singapore,Jacob.Wong@allinone.com.sg,2,zExFM656,0,151408.0
150283,Logan,Ong,Engineering,Junior Engineers,Singapore,Logan.Ong@allinone.com.sg,2,QwjNdxxE,0,151408.0
150288,Jackson,Yong,Engineering,Junior Engineers,Singapore,Jackson.Yong@allinone.com.sg,2,RqceKb9C,0,151408.0
150295,Aiden,Toh,Engineering,Junior Engineers,Singapore,Aiden.Toh@allinone.com.sg,2,RtAix5W5,0,151408.0
150318,Emma,Tan,Engineering,Junior Engineers,Singapore,Emma.Tan@allinone.com.sg,2,8CNYOWeU,0,151408.0
150342,Charlotte,Tan,Engineering,Junior Engineers,Singapore,Charlotte.Tan@allinone.com.sg,2,tYUrKiqa,0,151408.0
150343,Amelia,Tan,Engineering,Junior Engineers,Singapore,Amelia.Tan@allinone.com.sg,2,FzRzhDKp,0,151408.0
150555,Jaclyn,Wong,Engineering,Call Centre,Singapore,Jaclyn.Wong@allinone.com.sg,2,io61aLgn,0,151408.0
150348,Eva,Goh,Engineering,Call Centre,Singapore,Eva.Goh@allinone.com.sg,2,rDgbIpUA,0,151408.0
150355,Sophia,Chan,Engineering,Call Centre,Singapore,Sophia.Chan@allinone.com.sg,2,dqtNdUHv,0,151408.0
150356,James,Wong,Engineering,Call Centre,Singapore,James.Wong@allinone.com.sg,2,MzbLxbsX,0,151408.0
150398,John,Ong,Engineering,Call Centre,Singapore,John.Ong@allinone.com.sg,2,ULsO5oOk,0,151408.0
150422,Jack,Yong,Engineering,Call Centre,Singapore,Jack.Yong@allinone.com.sg,2,BTMyEcpf,0,151408.0
150423,Derek,Toh,Engineering,Call Centre,Singapore,Derek.Toh@allinone.com.sg,2,5qgW6NX5,0,151408.0
150428,Benjamin,The,Engineering,Call Centre,Singapore,Benjamin.The@allinone.com.sg,2,Nxcx8eV6,0,151408.0
150435,Lucas,Ng,Engineering,Call Centre,Singapore,Lucas.Ng@allinone.com.sg,2,n57MisGm,0,151408.0
150445,Ethan,Loh,Engineering,Call Centre,Singapore,Ethan.Loh@allinone.com.sg,2,aeGaOtTD,0,151408.0
150446,Daniel,Tan,Engineering,Call Centre,Singapore,Daniel.Tan@allinone.com.sg,2,h1WxvJtC,0,151408.0
150488,Jacob,Tan,Engineering,Call Centre,Singapore,Jacob.Tan@allinone.com.sg,2,O9DZO4Xu,0,151408.0
150512,Logan,Tan,Engineering,Call Centre,Singapore,Logan.Tan@allinone.com.sg,2,llpmoUJ3,0,151408.0
150513,Jackson,Goh,Engineering,Call Centre,Singapore,Jackson.Goh@allinone.com.sg,2,xtPmAD4o,0,151408.0
150518,Aiden,Chan,Engineering,Call Centre,Singapore,Aiden.Chan@allinone.com.sg,2,Vnq0HZiy,0,151408.0
150525,Samuel,Teo,Engineering,Call Centre,Singapore,Samuel.Teo@allinone.com.sg,2,C7GVzVZf,0,151408.0
151410,Phuong,Dinh,Engineering,Operation Planning Team,Singapore,Phuong.Dinh@allinone.com.sg,2,Q1HC4EQz,0,151408.0
150866,Henry,Chan,Engineering,Senior Engineers,Singapore,Henry.Chan@allinone.com.sg,2,z2OeqRBN,0,151408.0
150565,Benjamin,Ong,Engineering,Senior Engineers,Singapore,Benjamin.Ong@allinone.com.sg,2,pU3GK6mQ,0,151408.0
150566,Oliva,Ong,Engineering,Senior Engineers,Singapore,Oliva.Ong@allinone.com.sg,2,uSVebaW5,0,151408.0
150585,Samuel,Tan,Engineering,Junior Engineers,Singapore,Samuel.Tan@allinone.com.sg,2,ngoCS8qe,0,151408.0
150608,Emma,Yong,Engineering,Junior Engineers,Singapore,Emma.Yong@allinone.com.sg,2,RuUB4fZF,0,151408.0
150615,Sophie,Toh,Engineering,Junior Engineers,Singapore,Sophie.Toh@allinone.com.sg,2,K4xfMiZC,0,151408.0
150632,Charlotte,Toh,Engineering,Junior Engineers,Singapore,Charlotte.Toh@allinone.com.sg,2,QRiHu49v,0,151408.0
150633,Amelia,The,Engineering,Junior Engineers,Singapore,Amelia.The@allinone.com.sg,2,IlX1VArl,0,151408.0
150638,Eva,Ng,Engineering,Junior Engineers,Singapore,Eva.Ng@allinone.com.sg,2,8s4MS0bu,0,151408.0
150645,Sophia,Tan,Engineering,Junior Engineers,Singapore,Sophia.Tan@allinone.com.sg,2,NT9aDI7a,0,151408.0
150655,Lucas,Goh,Engineering,Junior Engineers,Singapore,Lucas.Goh@allinone.com.sg,2,FaoZIc8H,0,151408.0
150695,William,Tan,Engineering,Junior Engineers,Singapore,William.Tan@allinone.com.sg,2,7F2nerYU,0,151408.0
150705,Samuel,The,Engineering,Junior Engineers,Singapore,Samuel.The@allinone.com.sg,2,gUJMqT3k,0,151408.0
150765,Liam,Teo,Engineering,Junior Engineers,Singapore,Liam.Teo@allinone.com.sg,2,ctaIjBkj,0,151408.0
150776,Lucas,Yong,Engineering,Junior Engineers,Singapore,Lucas.Yong@allinone.com.sg,2,YCPk0Zgg,0,151408.0
150796,Susan,Teo,Engineering,Junior Engineers,Singapore,Susan.Teo@allinone.com.sg,2,YKSGd3gU,0,151408.0
150826,LiamMing,Fu,Engineering,Junior Engineers,Singapore,LiamMing.Fu@allinone.com.sg,2,sMEcr3di,0,151408.0
150845,Henry,Fu,Engineering,Junior Engineers,Singapore,Henry.Fu@allinone.com.sg,2,wTL9MXGD,0,151408.0
150938,Jani,Tan,Engineering,Junior Engineers,Singapore,Jani.Tan@allinone.com.sg,2,FUtFhEfj,0,151408.0
150968,Noah,Lim,Engineering,Junior Engineers,Singapore,Noah.Lim@allinone.com.sg,2,eIcDLhXq,0,151408.0
150976,Noah,Lee,Engineering,Junior Engineers,Singapore,Noah.Lee@allinone.com.sg,2,VLLcKO3b,0,151408.0
150916,Susan,Ng,Engineering,Operation Planning Team,Singapore,Susan.Ng@allinone.com.sg,2,LpYtUNY9,0,151408.0
150918,Henry,Toh,Engineering,Operation Planning Team,Singapore,Henry.Toh@allinone.com.sg,2,f3P0BAvV,0,151408.0
150935,Susan,Lee,Engineering,Operation Planning Team,Singapore,Susan.Lee@allinone.com.sg,2,rC15PGtP,0,151408.0
151008,Alexander,Teo,Engineering,Operation Planning Team,Singapore,Alexander.Teo@allinone.com.sg,2,bbCgKlsE,0,151408.0
151055,Liam,Fu,Engineering,Operation Planning Team,Singapore,Liam.Fu@allinone.com.sg,2,WLsZB0tI,0,151408.0
151056,Alexander,Fu,Engineering,Operation Planning Team,Singapore,Alexander.Fu@allinone.com.sg,2,3xDWFbCl,0,151408.0
151058,Janice,Tan,Engineering,Operation Planning Team,Singapore,Janice.Tan@allinone.com.sg,2,0MHqBBMC,0,151408.0
151118,Oliver,Lim,Engineering,Operation Planning Team,Singapore,Oliver.Lim@allinone.com.sg,2,w4C2THa9,0,151408.0
151146,Janice,Lim,Engineering,Operation Planning Team,Singapore,Janice.Lim@allinone.com.sg,2,7QpIBdB1,0,151408.0
151198,Michael,Tong,Engineering,Operation Planning Team,Singapore,Michael.Tong@allinone.com.sg,2,NoJPQhnt,0,151408.0
151266,Noah,Tong,Engineering,Operation Planning Team,Singapore,Noah.Tong@allinone.com.sg,2,62hpkisK,0,151408.0
151288,Mary,Heng,Engineering,Operation Planning Team,Singapore,Mary.Heng@allinone.com.sg,2,PTp1h5is,0,151408.0
151407,Oliver,Loh,Engineering,Operation Planning Team,Singapore,Oliver.Loh@allinone.com.sg,2,7zZc0VbK,0,151408.0
151441,Minh,Hoang,Engineering,Senior Engineers,Singapore,Minh.Hoang@allinone.com.sg,2,4pwSJt8a,0,151408.0
151411,Bao,Nguyen,Engineering,Junior Engineers,Singapore,Bao.Nguyen@allinone.com.sg,2,OExM4kff,0,151408.0
151412,Wati,Halim,Engineering,Junior Engineers,Singapore,Wati.Halim@allinone.com.sg,2,1NKeycGD,0,151408.0
151413,Seng,Soeun,Engineering,Junior Engineers,Singapore,Seng.Soeun@allinone.com.sg,2,rKcqCUTa,0,151408.0
151452,Rithya,Suon,Engineering,Operation Planning Team,Indonesia ,Rithya.Suon@allinone.com.id,2,qCpaC3XG,0,151408.0
151414,Yun,Lee,Engineering,Operation Planning Team,Indonesia ,Yun.Lee@allinone.com.id,2,KIXleQOn,0,151408.0
160008,Sally,Loh,HR,Director,Singapore,Sally.Loh@allinone.com.sg,1,sXNFajwC,0,130002.0
170166,David,Yap,Finance,Director,Singapore,David.Yap@allinone.com.sg,1,fD7yWguG,0,130002.0
180001,Ernst,Sim,Consultancy,Director,Singapore,Ernst.Sim@allinone.com.sg,1,neNYWhu8,0,130002.0
210001,Peter,Yap,IT,Director,Singapore,Peter.aypallinone.com.sg,1,RyVHjmVe,0,130002.0
190019,Heng,Sim,Solutioning,Developers,Singapore,Heng.Sim@allinone.com.sg,2,VuYbaVJC,0,150008.0
190037,Susi,Abdullah,Solutioning,Developers,Singapore,Susi.Abdullah@allinone.com.sg,2,KmNgGzow,0,150008.0
190059,Phuc,Le,Solutioning,Support Team,Singapore,Phuc.Le@allinone.com.sg,2,mp42GWsb,0,150008.0
190067,Minh,Ly,Solutioning,Support Team,Malaysia,Minh.Ly@allinone.com.sg,2,7C9R5Omc,0,150008.0
190070,Narah,Khun,Solutioning,Support Team,Indonesia ,Narah.Khun@allinone.com.sg,2,gsHPZGDx,0,150008.0
190077,Anhu,Pham,Solutioning,Support Team,Vietnam,Anhu.Pham@allinone.com.sg,2,FdLtlxcA,0,150008.0
190086,Hlaing,Situ,Solutioning,Support Team,Hong Kong,Hlaing.Situ@allinone.com.sg,2,q0Ei05sw,0,150008.0
190093,Chandra,Raj,Solutioning,Support Team,Singapore,Chandra.Raj@allinone.com.sg,2,k1vBCDgy,0,150008.0
151505,Thi,Lam,Engineering,Junior Engineers,Singapore,Thi.Lam@allinone.com.sg,2,0RiL1OjT,0,151408.0
151506,Vannak,Sok,Engineering,Junior Engineers,Singapore,Vannak.Sok@allinone.com.sg,2,11jI0AbG,0,151408.0
151507,Phuong,Nguyen,Engineering,Junior Engineers,Singapore,Phuong.Nguyen@allinone.com.sg,2,d91TV1av,0,151408.0
151508,Srey,Makara,Engineering,Junior Engineers,Singapore,Srey.Makara@allinone.com.sg,2,kySyGcHj,0,151408.0
151509,Hlaing,Kyaw,Engineering,Junior Engineers,Singapore,Hlaing.Kyaw@allinone.com.sg,2,ArFRGkvn,0,151408.0
151512,Chin,Heng,Engineering,Junior Engineers,Singapore,Chin.Heng@allinone.com.sg,2,1ARELJih,0,151408.0
151514,Somchai,Phan,Engineering,Junior Engineers,Singapore,Somchai.Phan@allinone.com.sg,2,p7fx0Hh3,0,151408.0
151517,Chinh,Tran,Engineering,Junior Engineers,Singapore,Chinh.Tran@allinone.com.sg,2,BgA8UNez,0,151408.0
151518,Yee,Liu,Engineering,Call Centre,Singapore,Yee.Liu@allinone.com.sg,2,d2eZY3HM,0,151408.0
151520,Sokunthea,Soy,Engineering,Call Centre,Singapore,Sokunthea.Soy@allinone.com.sg,2,k7wmhO0W,0,151408.0
151521,Champa,Thach,Engineering,Call Centre,Singapore,Champa.Thach@allinone.com.sg,2,GO7zLVgm,0,151408.0
151523,Rahim,Ramli,Engineering,Call Centre,Singapore,Rahim.Ramli@allinone.com.sg,2,2L6CE1Ne,0,151408.0
151524,Hakim,Hassan,Engineering,Call Centre,Singapore,Hakim.Hassan@allinone.com.sg,2,PwlviVQQ,0,151408.0
151525,Trung,Le,Engineering,Call Centre,Singapore,Trung.Le@allinone.com.sg,2,qRoxNXKN,0,151408.0
151526,Seng,Chhour,Engineering,Call Centre,Singapore,Seng.Chhour@allinone.com.sg,2,Bhlz1SYd,0,151408.0
151528,Phuc,Phung,Engineering,Call Centre,Singapore,Phuc.Phung@allinone.com.sg,2,0eKqzrgo,0,151408.0
151533,Soma,San,Engineering,Call Centre,Singapore,Soma.San@allinone.com.sg,2,8PSAaiNQ,0,151408.0
151535,Vannak,Soun,Engineering,Call Centre,Singapore,Vannak.Soun@allinone.com.sg,2,9ahFzL1w,0,151408.0
151536,Kumara,Suon,Engineering,Call Centre,Singapore,Kumara.Suon@allinone.com.sg,2,ykDfmRqJ,0,151408.0
151539,Siti,Yusof,Engineering,Junior Engineers,Singapore,Siti.Yusof@allinone.com.sg,2,oDcU0mS9,0,151408.0
151540,Chanh,Sin,Engineering,Junior Engineers,Singapore,Chanh.Sin@allinone.com.sg,2,MvFjxaXb,0,151408.0
151541,Anhu,Tran,Engineering,Junior Engineers,Singapore,Anhu.Tran@allinone.com.sg,2,obslqNfz,0,151408.0
151543,Priya,Krishnan,Engineering,Junior Engineers,Singapore,Priya.Krishnan@allinone.com.sg,2,pluIgpUm,0,151408.0
151544,Nanda,Lal,Engineering,Junior Engineers,Singapore,Nanda.Lal@allinone.com.sg,2,8APVfGdq,0,151408.0
151545,Rithy,Khun,Engineering,Junior Engineers,Singapore,Rithy.Khun@allinone.com.sg,2,XlTNOSLU,0,151408.0
151547,Koh,Loo,Engineering,Junior Engineers,Singapore,Koh.Loo@allinone.com.sg,2,XPO4ZLnY,0,151408.0
151549,Kumari,Pillai,Engineering,Junior Engineers,Singapore,Kumari.Pillai@allinone.com.sg,2,PZZkdn2j,0,151408.0
151556,Thi,Ling,Engineering,Junior Engineers,Singapore,Thi.Ling@allinone.com.sg,2,afWUfE2W,0,151408.0
151558,Vannak,Seng,Engineering,Junior Engineers,Singapore,Vannak.Seng@allinone.com.sg,2,Wa4l0CrH,0,151408.0
151560,Somchai,Kong,Engineering,Junior Engineers,Singapore,Somchai.Kong@allinone.com.sg,2,xJYCfLT5,0,151408.0
151561,Rath,Khun,Engineering,Junior Engineers,Singapore,Rath.Khun@allinone.com.sg,2,jMwzEaZ8,0,151408.0
151562,Chinh,Nguyen,Engineering,Call Centre,Singapore,Chinh.Nguyen@allinone.com.sg,2,M8gnFdSo,0,151408.0
151563,Yee,Chong,Engineering,Call Centre,Singapore,Yee.Chong@allinone.com.sg,2,JHDxVlrs,0,151408.0
151564,Heng,Phal,Engineering,Call Centre,Singapore,Heng.Phal@allinone.com.sg,2,U5uVvwoZ,0,151408.0
151567,Sokunthea,Seng,Engineering,Call Centre,Singapore,Sokunthea.Seng@allinone.com.sg,2,YUMATzH8,0,151408.0
151570,Rahim,Harun,Engineering,Call Centre,Singapore,Rahim.Harun@allinone.com.sg,2,AstLI4d2,0,151408.0
151573,Trung,Nguyen,Engineering,Call Centre,Singapore,Trung.Nguyen@allinone.com.sg,2,pQcgKVmH,0,151408.0
151575,Narong,Savoeun,Engineering,Call Centre,Singapore,Narong.Savoeun@allinone.com.sg,2,gzcTFrBY,0,151408.0
151576,Phuc,Luong,Engineering,Call Centre,Singapore,Phuc.Luong@allinone.com.sg,2,z469v97w,0,151408.0
151579,Soma,Voeun,Engineering,Call Centre,Singapore,Soma.Voeun@allinone.com.sg,2,RwhDqLmj,0,151408.0
151580,Siv,Sothea,Engineering,Call Centre,Singapore,Siv.Sothea@allinone.com.sg,2,Z38sp6Am,0,151408.0
151581,Vannak,Samnang,Engineering,Call Centre,Singapore,Vannak.Samnang@allinone.com.sg,2,9APqoTaW,0,151408.0
151582,Kumara,Sareth,Engineering,Call Centre,Singapore,Kumara.Sareth@allinone.com.sg,2,fy7qBKM4,0,151408.0
151583,Sok,Kheng,Engineering,Call Centre,Singapore,Sok.Kheng@allinone.com.sg,2,hVAlwYEP,0,151408.0
151584,Siti,Yusuf,Engineering,Call Centre,Singapore,Siti.Yusuf@allinone.com.sg,2,2YIrzoFI,0,151408.0
151589,Anh,Van,Engineering,Junior Engineers,Singapore,Anh.Van@allinone.com.sg,2,NTkEuGgM,0,151408.0
151590,Priya,Kumar,Engineering,Junior Engineers,Malaysia,Priya.Kumar@allinone.com.my,2,idqnEv26,0,151408.0
151591,Nanda,Kesavan,Engineering,Junior Engineers,Singapore,Nanda.Kesavan@allinone.com.sg,2,Oknsh9SL,0,151408.0
151595,Mani,Devi,Engineering,Junior Engineers,Singapore,Mani.Devi@allinone.com.sg,2,oO0JunG1,0,151408.0
151596,Koh,Seng,Engineering,Junior Engineers,Singapore,Koh.Seng@allinone.com.sg,2,fWl9lGQp,0,151408.0
151598,Kumaru,Pillai,Engineering,Junior Engineers,Singapore,Kumaru.Pillai@allinone.com.sg,2,I5UJCJ4n,0,151408.0
151439,Ji,Han,Engineering,Senior Engineers,Vietnam,Ji.Han@allinone.com.vn,2,7InEHbCy,0,151408.0
151443,Anil,Kumar,Engineering,Senior Engineers,Hong Kong,Anil.Kumar@allinone.com.hk,2,aeD250oq,0,151408.0
151457,Chandra,Pandey,Engineering,Senior Engineers,Malaysia,Chandra.Pandey@allinone.com.my,2,apP611IL,0,151408.0
151471,Chanh,Ly,Engineering,Senior Engineers,Singapore,Chanh.Ly@allinone.com.sg,2,X6CaqDeT,0,151408.0
151600,Narong,Chua,Engineering,Senior Engineers,Singapore,Narong.Chua@allinone.com.sg,2,kK4q1uxe,0,151408.0
151601,Thi Mih,Ling,Engineering,Operation Planning Team,Singapore,ThiMih.Ling@allinone.com.sg,2,0S9H5Izu,0,151408.0
151602,Vannah,Seng,Engineering,Operation Planning Team,Singapore,Vannah.Seng@allinone.com.sg,2,xuApZGa9,0,151408.0
151603,Phuong,Truong,Engineering,Operation Planning Team,Singapore,Phuong.Truong@allinone.com.sg,2,PQnZ3rAe,0,151408.0
151418,Chandara,Khun,Engineering,Senior Engineers,Vietnam,Chandara.Khun@allinone.com.vn,2,kxBN6NQa,0,151408.0
151459,Phalla,Yong,Engineering,Junior Engineers,Vietnam,Phalla.Yong@allinone.com.vn,2,EsHIkIAr,0,151408.0
151481,Phuc,Lam,Engineering,Junior Engineers,Vietnam,Phuc.Lam@allinone.com.vn,2,nZD5z3I1,0,151408.0
151498,Mani,Prasad,Engineering,Junior Engineers,Vietnam,Mani.Prasad@allinone.com.vn,2,qjyfFlq0,0,151408.0
151515,Rath,Sim,Engineering,Junior Engineers,Vietnam,Rath.Sim@allinone.com.vn,2,xBVQDwLO,0,151408.0
151534,Siv,Savuth,Engineering,Junior Engineers,Vietnam,Siv.Savuth@allinone.com.vn,2,OcfDQxmz,0,151408.0
151550,Narong,Chua,Engineering,Junior Engineers,Vietnam,Narong.Chua@allinone.com.vn,2,ogy65c7m,0,151408.0
151574,Seng,Sao,Engineering,Junior Engineers,Vietnam,Seng.Sao@allinone.com.vn,2,lRIrJCI4,0,151408.0
151593,Rithy,Sok,Engineering,Junior Engineers,Vietnam,Rithy.Sok@allinone.com.vn,2,wtJqcBPN,0,151408.0
151610,Somchai,Kong,Engineering,Junior Engineers,Vietnam,Somchai.Kong@allinone.com.vn,2,3zXqTWOc,0,151408.0
151415,Aung,Tun,Engineering,Junior Engineers,Singapore,Aung.Tun@allinone.com.sg,2,YHdyOmS9,0,151408.0
151417,Pich,Sun,Engineering,Junior Engineers,Singapore,Pich.Sun@allinone.com.sg,2,wdBTki02,0,151408.0
151419,Heng,Heng,Engineering,Junior Engineers,Singapore,Heng.Heng@allinone.com.sg,2,G3TAzNyj,0,151408.0
151420,Siti,Ismail,Engineering,Junior Engineers,Singapore,Siti.Ismail@allinone.com.sg,2,xtye9G8i,0,151408.0
151426,Trung,Trinh,Engineering,Junior Engineers,Singapore,Trung.Trinh@allinone.com.sg,2,veAqnUOz,0,151408.0
151427,Rahul,Sharma,Engineering,Junior Engineers,Singapore,Rahul.Sharma@allinone.com.sg,2,Lf5gtFEK,0,151408.0
151428,Champa,Thao,Engineering,Junior Engineers,Singapore,Champa.Thao@allinone.com.sg,2,9AWkOQhC,0,151408.0
151430,Rithy,Chheng,Engineering,Junior Engineers,Singapore,Rithy.Chheng@allinone.com.sg,2,8WrUueyC,0,151408.0
151431,Mani,Raj,Engineering,Junior Engineers,Singapore,Mani.Raj@allinone.com.sg,2,EzLIPg6Y,0,151408.0
151432,Sokunthea,Phan,Engineering,Junior Engineers,Singapore,Sokunthea.Phan@allinone.com.sg,2,P4jjHZN4,0,151408.0
151435,Somnang,Suon,Engineering,Junior Engineers,Singapore,Somnang.Suon@allinone.com.sg,2,wL5lnojz,0,151408.0
151438,Rath,Phan,Engineering,Junior Engineers,Singapore,Rath.Phan@allinone.com.sg,2,5VsaKwol,0,151408.0
151440,Sok,Pich,Engineering,Junior Engineers,Singapore,Sok.Pich@allinone.com.sg,2,4DR6DwSR,0,151408.0
151425,Thuy,Phan,Engineering,Senior Engineers,Hong Kong,Thuy.Phan@allinone.com.hk,2,nwJU5ZWp,0,151408.0
151466,Siv,Sun,Engineering,Junior Engineers,Hong Kong,Siv.Sun@allinone.com.hk,2,22hKrqVR,0,151408.0
151484,Phanith,Sok,Engineering,Junior Engineers,Hong Kong,Phanith.Sok@allinone.com.hk,2,Uh03KSTD,0,151408.0
151502,Kumari,Devi,Engineering,Junior Engineers,Hong Kong,Kumari.Devi@allinone.com.hk,2,rhsUUZKY,0,151408.0
151519,Heng,Chhour,Engineering,Junior Engineers,Hong Kong,Heng.Chhour@allinone.com.hk,2,xaZhinnk,0,151408.0
151537,Sok,Mao,Engineering,Junior Engineers,Hong Kong,Sok.Mao@allinone.com.hk,2,bCSTiuHZ,0,151408.0
151559,Nara,Loo,Engineering,Junior Engineers,Hong Kong,Nara.Loo@allinone.com.hk,2,iRT9AY4j,0,151408.0
151578,Chandara,Tith,Engineering,Junior Engineers,Hong Kong,Chandara.Tith@allinone.com.hk,2,zUcxMyOt,0,151408.0
151597,Arifin,Saputra,Engineering,Junior Engineers,Hong Kong,Arifin.Saputra@allinone.com.hk,2,iUGck6J2,0,151408.0
151613,Yee,Chong,Engineering,Junior Engineers,Hong Kong,Yee.Chong@allinone.com.hk,2,ST2sXT8o,0,151408.0
151433,Mani,Devi,Engineering,Operation Planning Team,Indonesia ,Mani.Devi@allinone.com.id,2,uBYGS70n,0,151408.0
151476,Hakim,Rahman,Engineering,Operation Planning Team,Indonesia ,Hakim.Rahman@allinone.com.id,2,UAgNTJXT,0,151408.0
151493,Boun,Sok,Engineering,Operation Planning Team,Indonesia ,Boun.Sok@allinone.com.id,2,SOcSJFhy,0,151408.0
151510,Anh,Ly,Engineering,Operation Planning Team,Indonesia ,Anh.Ly@allinone.com.id,2,Y96yKuHj,0,151408.0
151527,Narong,Mao,Engineering,Operation Planning Team,Indonesia ,Narong.Mao@allinone.com.id,2,4gfdKLVb,0,151408.0
151546,Mani,Choudhury,Engineering,Operation Planning Team,Indonesia ,Mani.Choudhury@allinone.com.id,2,ZT4ABCBc,0,151408.0
151568,Champa,Pheap,Engineering,Operation Planning Team,Indonesia ,Champa.Pheap@allinone.com.id,2,aOVZr42U,0,151408.0
151585,Chanh,Tith,Engineering,Operation Planning Team,Indonesia ,Chanh.Tith@allinone.com.id,2,7tM4JtEJ,0,151408.0
151416,Vannak,Chen,Engineering,Senior Engineers,Malaysia,Vannak.Chen@allinone.com.my,2,hByEKU7G,0,151408.0
151436,Samsul,Rahman,Engineering,Junior Engineers,Malaysia,Samsul.Rahman@allinone.com.my,2,2YTnLbug,0,151408.0
151479,Narong,Chen,Engineering,Junior Engineers,Malaysia,Narong.Chen@allinone.com.my,2,uywUrAkE,0,151408.0
151495,Samsul,Saifullah,Engineering,Junior Engineers,Malaysia,Samsul.Saifullah@allinone.com.my,2,xBzbJBoM,0,151408.0
151513,Nara,Yong,Engineering,Junior Engineers,Malaysia,Nara.Yong@allinone.com.my,2,vxe7Kq7O,0,151408.0
151531,Chandara,Sin,Engineering,Junior Engineers,Malaysia,Chandara.Sin@allinone.com.my,2,gN5uuLz4,0,151408.0
151548,Arifin,Bakar,Engineering,Junior Engineers,Malaysia,Arifin.Bakar@allinone.com.my,2,hay62Dkv,0,151408.0
151571,Hakim,Sulaiman,Engineering,Junior Engineers,Malaysia,Hakim.Sulaiman@allinone.com.my,2,axmVDa4w,0,151408.0
151444,Chinh,Le,Engineering,Senior Engineers,Singapore,Chinh.Le@allinone.com.sg,2,BPY8MSNH,0,151408.0
151446,Seng,Seng,Engineering,Junior Engineers,Singapore,Seng.Seng@allinone.com.sg,2,gmIEIHO1,0,151408.0
151447,Nandah,Kesavan,Engineering,Junior Engineers,Singapore,Nandah.Kesavan@allinone.com.sg,2,wspNIJm0,0,151408.0
151448,Amirah,Ahmad,Engineering,Junior Engineers,Singapore,Amirah.Ahmad@allinone.com.sg,2,F14BmIcQ,0,151408.0
151450,Sokly,Sok,Engineering,Junior Engineers,Singapore,Sokly.Sok@allinone.com.sg,2,NGATdhWr,0,151408.0
151451,Trung,Pham,Engineering,Junior Engineers,Singapore,Trung.Pham@allinone.com.sg,2,yUIE95pP,0,151408.0
151456,Phuc,Vo,Engineering,Junior Engineers,Singapore,Phuc.Vo@allinone.com.sg,2,I1zYIXvX,0,151408.0
151458,Manoj,Singh,Engineering,Junior Engineers,Singapore,Manoj.Singh@allinone.com.sg,2,Kqa2xd8E,0,151408.0
151464,Chhaya,Sou,Engineering,Junior Engineers,Singapore,Chhaya.Sou@allinone.com.sg,2,d1i10ebN,0,151408.0
151465,Soma,Lim,Engineering,Junior Engineers,Singapore,Soma.Lim@allinone.com.sg,2,gRAU7AiN,0,151408.0
151467,Vannak,Mao,Engineering,Junior Engineers,Singapore,Vannak.Mao@allinone.com.sg,2,1RtMyhNp,0,151408.0
151468,Kumara,Seng,Engineering,Junior Engineers,Singapore,Kumara.Seng@allinone.com.sg,2,YJ9zyngP,0,151408.0
151469,Sok,Heng,Engineering,Junior Engineers,Singapore,Sok.Heng@allinone.com.sg,2,9MJvEC1h,0,151408.0
151470,Siti,Saad,Engineering,Junior Engineers,Singapore,Siti.Saad@allinone.com.sg,2,YZrvbJYR,0,151408.0
151472,Anh,Truong,Engineering,Junior Engineers,Singapore,Anh.Truong@allinone.com.sg,2,ZHXyj8hp,0,151408.0
151477,Priya,Kaur,Engineering,Junior Engineers,Singapore,Priya.Kaur@allinone.com.sg,2,y4JMTwh8,0,151408.0
151480,Rin,Sok,Engineering,Junior Engineers,Singapore,Rin.Sok@allinone.com.sg,2,6hPHraKJ,0,151408.0
151482,Sok,Chin,Engineering,Junior Engineers,Singapore,Sok.Chin@allinone.com.sg,2,P3ddvzhY,0,151408.0
151483,Chandara,Kong,Engineering,Junior Engineers,Singapore,Chandara.Kong@allinone.com.sg,2,GFd4tzpY,0,151408.0
151485,Heng Meng,Sim,Engineering,Junior Engineers,Singapore,HengMeng.Sim@allinone.com.sg,2,FS2Th1Ix,0,151408.0
151487,Nanda,Devan,Engineering,Junior Engineers,Singapore,Nanda.Devan@allinone.com.sg,2,tSEFnW0L,0,151408.0
151488,Pich,Phan,Engineering,Junior Engineers,Singapore,Pich.Phan@allinone.com.sg,2,KUbCu6yM,0,151408.0
151489,Anil,Sarawat,Engineering,Junior Engineers,Singapore,Anil.Sarawat@allinone.com.sg,2,9MpCqBYM,0,151408.0
151491,Nguyen,Tuan,Engineering,Junior Engineers,Singapore,Nguyen.Tuan@allinone.com.sg,2,L5HTrOFh,0,151408.0
151492,Bao,Kim,Engineering,Junior Engineers,Singapore,Bao.Kim@allinone.com.sg,2,jgmr1XgA,0,151408.0
151494,Soma,Khun,Engineering,Junior Engineers,Singapore,Soma.Khun@allinone.com.sg,2,24YKyGfj,0,151408.0
151496,Rina,Li,Engineering,Junior Engineers,Singapore,Rina.Li@allinone.com.sg,2,zO9npNzO,0,151408.0
151499,Koh Mong,Seng,Engineering,Junior Engineers,Singapore,KohMong.Seng@allinone.com.sg,2,83j7Zt9M,0,151408.0
151500,Arifin,Siregar,Engineering,Junior Engineers,Singapore,Arifin.Siregar@allinone.com.sg,2,9rygbl8p,0,151408.0
151503,Narong,Khun,Engineering,Junior Engineers,Singapore,Narong.Khun@allinone.com.sg,2,qlgGdyiR,0,151408.0
151605,Srey,Suon,Engineering,Junior Engineers,Singapore,Srey.Suon@allinone.com.sg,2,XS2zQiu7,0,151408.0
151606,Hlaing,Myat,Engineering,Junior Engineers,Indonesia ,Hlaing.Myat@allinone.com.id,2,QBEovSnY,0,151408.0
151607,Anh,Vo,Engineering,Junior Engineers,Singapore,Anh.Vo@allinone.com.sg,2,oNLBK74t,0,151408.0
151608,Chin,Chen,Engineering,Junior Engineers,Malaysia,Chin.Chen@allinone.com.my,2,MNnY1tGp,0,151408.0
151609,Nara,Loo,Engineering,Junior Engineers,Singapore,Nara.Loo@allinone.com.sg,2,vUz8Kuhw,0,151408.0
151611,Rith,Khun,Engineering,Junior Engineers,Singapore,Rith.Khun@allinone.com.sg,2,eT3nYfam,0,151408.0
151612,Chinu,Nguyen,Engineering,Junior Engineers,Singapore,Chinu.Nguyen@allinone.com.sg,2,bACR69Rz,0,151408.0
160075,James,Tan,HR,HR Team,Singapore,James.Tan@allinone.com.sg,1,CMdGKC55,0,160008.0
160302,Kumar,Sareth,HR,HR Team,Singapore,Kumar.Sareth@allinone.com.sg,1,4PDlgNXk,0,160008.0
160306,An,Van,HR,LD Team,Singapore,An.Van@allinone.com.sg,2,pHmtzcqi,0,160008.0
160318,Nurong,Chua,HR,Admin Team,Singapore,Nurong.Chua@allinone.com.sg,2,VlAmmU4z,0,160008.0
160328,Hlaing,Myat,HR,LD Team,Singapore,Hlaing.Myat@allinone.com.sg,2,dTDBSFsT,0,160008.0
160335,Yee Meng,Chong,HR,Admin Team,Singapore,YeeMeng.Chong@allinone.com.sg,2,yGWD1J1e,0,160008.0
160065,John,Tan,HR,HR Team,Singapore,John.Tan@allinone.com.sg,1,yl056ZT6,0,160008.0
160076,Jack,Goh,HR,HR Team,Singapore,Jack.Goh@allinone.com.sg,1,Pig0huJ5,0,160008.0
160118,Derek,Chan,HR,HR Team,Singapore,Derek.Chan@allinone.com.sg,1,wWxyPjFI,0,160008.0
160135,Jaclyn,Ong,HR,HR Team,Singapore,Jaclyn.Ong@allinone.com.sg,1,qPni9lRH,0,160008.0
160142,Benjamin,Teo,HR,HR Team,Singapore,Benjamin.Teo@allinone.com.sg,1,q6n7pVCP,0,160008.0
160143,Lucas,Lee,HR,HR Team,Singapore,Lucas.Lee@allinone.com.sg,1,m3YoAQDY,0,160008.0
160145,Mary,Wong,HR,HR Team,Singapore,Mary.Wong@allinone.com.sg,1,Tpagxtr2,0,160008.0
160146,Oliva,Yong,HR,HR Team,Singapore,Oliva.Yong@allinone.com.sg,1,tjAizOIN,0,160008.0
160148,Henry,Lim,HR,HR Team,Singapore,Henry.Lim@allinone.com.sg,1,TKJZ7VCr,0,160008.0
160155,Alexander,Heng,HR,HR Team,Singapore,Alexander.Heng@allinone.com.sg,1,iHmHb2ql,0,160008.0
160188,Emma,Toh,HR,HR Team,Singapore,Emma.Toh@allinone.com.sg,1,E3lZxjUM,0,160008.0
160212,Charlotte,The,HR,HR Team,Singapore,Charlotte.The@allinone.com.sg,1,josLuoCn,0,160008.0
160213,Amelia,Ng,HR,HR Team,Singapore,Amelia.Ng@allinone.com.sg,1,BYiot0eR,0,160008.0
160218,Eva,Tan,HR,HR Team,Singapore,Eva.Tan@allinone.com.sg,1,mCNmDAvF,0,160008.0
160225,Sophia,Fu,HR,HR Team,Singapore,Sophia.Fu@allinone.com.sg,1,QA4iIFhM,0,160008.0
160258,Michael,Chen,HR,HR Team,Singapore,Michael.Chen@allinone.com.sg,1,WLNqW0hZ,0,160008.0
160282,Ethan,Loo,HR,HR Team,Singapore,Ethan.Loo@allinone.com.sg,1,gepz4MAI,0,160008.0
160283,Somchai,Pong,HR,HR Team,Singapore,Somchai.Pong@allinone.com.sg,1,UcRmYZNL,0,160008.0
160284,Ruth,Khu,HR,HR Team,Singapore,Ruth.Khu@allinone.com.sg,1,PkBTggRS,0,160008.0
160286,Chin Min,Nguyen,HR,HR Team,Singapore,ChinMin@allinone.com.sg,1,WbBenTDN,0,160008.0
160287,Yee,Phal,HR,HR Team,Singapore,Yee.Phal@allinone.com.sg,1,FdvBVpKc,0,160008.0
160288,Heng,Seng,HR,HR Team,Singapore,Heng.Seng@allinone.com.sg,1,wdyfN1i0,0,160008.0
160289,Sokunthea,Pheap,HR,HR Team,Singapore,Sokunthea.Pheap@allinone.com.sg,1,u9ocpRkr,0,160008.0
160290,Champa,Harun,HR,HR Team,Singapore,Champa.Harun@allinone.com.sg,1,8SvkxmAc,0,160008.0
160291,Rahim,Kesavan,HR,HR Team,Singapore,Rahim.Kesavan@allinone.com.sg,1,8MrGnARg,0,160008.0
160293,Hakim,Pillai,HR,HR Team,Singapore,Hakim.Pillai@allinone.com.sg,1,A1PLq2DA,0,160008.0
160294,Trung,Truong,HR,HR Team,Singapore,Trung.Truong@allinone.com.sg,1,4QweQUe8,0,160008.0
160295,Seng,Kong,HR,HR Team,Singapore,Seng.Kong@allinone.com.sg,1,qM5B4zyB,0,160008.0
160296,Narong,Luong,HR,HR Team,Singapore,Narong.Luong@allinone.com.sg,1,xY0JOlQk,0,160008.0
160297,Phuc,Tan,HR,HR Team,Singapore,Phuc.Tan@allinone.com.sg,1,8OSSxvf4,0,160008.0
160298,Chandara,Wong,HR,HR Team,Singapore,Chandara.Wong@allinone.com.sg,1,d8hydd4L,0,160008.0
160299,Soma,Ong,HR,HR Team,Singapore,Soma.Ong@allinone.com.sg,1,E83CldMO,0,160008.0
160300,Siv,Tan,HR,HR Team,Singapore,Siv.Tan@allinone.com.sg,1,1deL1PvM,0,160008.0
160301,Vannak,Goh,HR,HR Team,Singapore,Vannak.Goh@allinone.com.sg,1,QOO8dysr,0,160008.0
160303,Sok,Chan,HR,LD Team,Singapore,Sok.Chan@allinone.com.sg,2,rLvW8bhu,0,160008.0
160304,Siti,Teo,HR,LD Team,Singapore,Siti.Teo@allinone.com.sg,2,VtQXwnK9,0,160008.0
160305,Chanh,Tith,HR,LD Team,Singapore,Chanh.Tith@allinone.com.sg,2,ZIiVHPat,0,160008.0
160307,Priya,Kumar,HR,LD Team,Singapore,Priya.Kumar@allinone.com.sg,2,Jnt4ge2i,0,160008.0
160308,Vannah,Kesavan,HR,LD Team,Singapore,Vannah.Kesavan@allinone.com.sg,2,X46mmPUg,0,160008.0
160313,Srey,Sok,HR,LD Team,Singapore,Srey.Sok@allinone.com.sg,2,guwlNKpS,0,160008.0
160314,Hlaing,Devi,HR,LD Team,Singapore,Hlaing.Devi@allinone.com.sg,2,lnw2CXeb,0,160008.0
160315,Anh,Seng,HR,Admin Team,Singapore,Anh.Seng@allinone.com.sg,2,FWwMXRNM,0,160008.0
160316,Chin,Saputra,HR,Admin Team,Singapore,Chin.Saputra@allinone.com.sg,2,xjZ8eAUu,0,160008.0
160317,Nara,Pillai,HR,Admin Team,Singapore,Nara.Pillai@allinone.com.sg,2,3tb1e5zV,0,160008.0
160323,Chandara,Ling,HR,LD Team,Singapore,Chandara.Ling@allinone.com.sg,2,v8ObdmZc,0,160008.0
160324,Soma,Seng,HR,LD Team,Singapore,Soma.Seng@allinone.com.sg,2,Q4KcLA8e,0,160008.0
160325,Siv,Truong,HR,LD Team,Singapore,Siv.Truong@allinone.com.sg,2,Is4wW5XM,0,160008.0
160326,Vannak,Suon,HR,LD Team,Singapore,Vannak.Suon@allinone.com.sg,2,S0MdhBYC,0,160008.0
160329,Kumara,Vo,HR,LD Team,Singapore,Kumara.Vo@allinone.com.sg,2,UnXMNZoU,0,160008.0
160330,Ruth,Chen,HR,LD Team,Singapore,Ruth.Chen@allinone.com.sg,2,KVRt5t0E,0,160008.0
160331,Chinh,Loo,HR,LD Team,Singapore,Chinh.Loo@allinone.com.sg,2,7LFMDgkX,0,160008.0
160332,Yee,Kong,HR,LD Team,Singapore,Yee.Kong@allinone.com.sg,2,uDX3gXVN,0,160008.0
160333,Heng,Khun,HR,LD Team,Singapore,Heng.Khun@allinone.com.sg,2,gqJCRWlG,0,160008.0
160334,Sokunthe,Nguyen,HR,LD Team,Singapore,Sokunthe.Nguyen@allinone.com.sg,2,hbCFbqpL,0,160008.0
160336,Champa,Phal,HR,Admin Team,Singapore,Champa.Phal@allinone.com.sg,2,qxBPLI1r,0,160008.0
160337,Rahim,Seng,HR,Admin Team,Singapore,Rahim.Seng@allinone.com.sg,2,24BDXn7q,0,160008.0
160338,Hakim,Pheap,HR,Admin Team,Singapore,Hakim.Pheap@allinone.com.sg,2,7zE9vlO8,0,160008.0
160339,Trung,Harun,HR,Admin Team,Singapore,Trung.Harun@allinone.com.sg,2,qzTkNl8c,0,160008.0
171009,Seng,Kesavan,Finance,Finance Manager,Singapore,Seng.Kesavan@allinone.com.sg,3,UjLSJX09,0,170166.0
171014,Narong,Pillai,Finance,Finance Manager,Singapore,Narong.Pillai@allinone.com.sg,3,Rz0gzyy4,0,170166.0
171018,Ji,Truong,Finance,Finance Manager,Singapore,Ji.Truong@allinone.com.sg,3,JpsYgIcb,0,170166.0
171029,Chandra,Kong,Finance,Finance Manager,Singapore,Chandra.Kong@allinone.com.sg,3,mkntNtyo,0,170166.0
171043,Rithy,Luong,Finance,Finance Manager,Singapore,Rithy.Luong@allinone.com.sg,3,amAm7IUK,0,170166.0
170208,Mani,Tan,Finance,Finance Executive,Singapore,Mani.Tan@allinone.com.sg,2,syEtCi2L,0,171009.0
170215,Sokunthea,Wong,Finance,Finance Executive,Singapore,Sokunthea.Wong@allinone.com.sg,2,PfzhlJGg,0,171009.0
170216,Mani,Ong,Finance,Finance Executive,Singapore,Mani.Ong@allinone.com.sg,2,wAkUkdtE,0,171009.0
170232,Somnang,Tan,Finance,Finance Executive,Singapore,Somnang.Tan@allinone.com.sg,2,4Rk6O9gB,0,171009.0
170233,Logan,Goh,Finance,Finance Executive,Singapore,Logan.Goh@allinone.com.sg,2,126U4tEE,0,171009.0
170238,Jackson,Chan,Finance,Finance Executive,Singapore,Jackson.Chan@allinone.com.sg,2,SSlfIRuV,0,171009.0
170245,Aiden,Teo,Finance,Finance Executive,Singapore,Aiden.Teo@allinone.com.sg,2,Ot7eQz5m,0,171009.0
170655,Samuel,Lee,Finance,Finance Executive,Singapore,Samuel.Lee@allinone.com.sg,2,JY0gLy8V,0,171009.0
170866,Susan,Lim,Finance,Finance Executive,Singapore,Susan.Lim@allinone.com.sg,2,L72pxu0d,0,171009.0
171008,Janice,Heng,Finance,Finance Executive,Singapore,Janice.Heng@allinone.com.sg,2,TNFmdoP6,0,171009.0
171010,Rithy,Saad,Finance,Finance Executive,Singapore,Rithy.Saad@allinone.com.sg,2,vCcUYOvY,0,171014.0
171011,Mani,Ly,Finance,Finance Executive,Singapore,Mani.Ly@allinone.com.sg,2,9bifU0bI,0,171014.0
171012,Koh,Truong,Finance,Finance Executive,Singapore,Koh.Truong@allinone.com.sg,2,4UQgpKEC,0,171014.0
171013,Arifin,Rahman,Finance,Finance Executive,Singapore,Arifin.Rahman@allinone.com.sg,2,Aq8Lxkeh,0,171014.0
171015,Narong,Kaur,Finance,Finance Executive,Singapore,Narong.Kaur@allinone.com.sg,2,h2JbdkGi,0,171018.0
171016,Thi,Chen,Finance,Finance Executive,Singapore,Thi.Chen@allinone.com.sg,2,QwoYAVrG,0,171018.0
171017,Vannah,Sok,Finance,Finance Executive,Singapore,Vannah.Sok@allinone.com.sg,2,ooNqry34,0,171018.0
171022,Srey,Lam,Finance,Finance Executive,Singapore,Srey.Lam@allinone.com.sg,2,2QG6js9K,0,171029.0
171023,Hlaing,Chin,Finance,Finance Executive,Singapore,Hlaing.Chin@allinone.com.sg,2,gg63YMKU,0,171029.0
171024,Anh,Kong,Finance,Finance Executive,Singapore,Anh.Kong@allinone.com.sg,2,iG6eT1xM,0,171029.0
171026,Chin,Sok,Finance,Finance Executive,Singapore,Chin.Sok@allinone.com.sg,2,JYWvZZZ8,0,171029.0
171027,Nara,Devan,Finance,Finance Executive,Singapore,Nara.Devan@allinone.com.sg,2,kaK7ouI6,0,171029.0
171044,Chandara,Phan,Finance,Finance Executive,Singapore,Chandara.Phan@allinone.com.sg,2,vm0hW6L2,0,171029.0
171045,Soma,Sarawat,Finance,Finance Executive,Singapore,Soma.Sarawat@allinone.com.sg,2,LcasPzB9,0,171029.0
171046,Siv,Tuan,Finance,Finance Executive,Singapore,Siv.Tuan@allinone.com.sg,2,27FZjKIz,0,171029.0
171047,Vannak,Kim,Finance,Finance Executive,Singapore,Vannak.Kim@allinone.com.sg,2,z2KLoeOA,0,171029.0
171048,Kumara,Sok,Finance,Finance Executive,Singapore,Kumara.Sok@allinone.com.sg,2,Gl2SVufF,0,171029.0
171030,Ruth,Khun,Finance,Finance Executive,Singapore,Ruth.Khun@allinone.com.sg,2,n4AFr2gN,0,171043.0
171031,Chinh,Saifullah,Finance,Finance Executive,Singapore,Chinh.Saifullah@allinone.com.sg,2,f9bHBo24,0,171043.0
171032,Yee,Li,Finance,Finance Executive,Singapore,Yee.Li@allinone.com.sg,2,RPZuc0Rs,0,171043.0
171033,Heng,Prasad,Finance,Finance Executive,Singapore,Heng.Prasad@allinone.com.sg,2,M5fBvUJr,0,171043.0
171034,Sokunthe,Seng,Finance,Finance Executive,Singapore,Sokunthe.Seng@allinone.com.sg,2,YntADwi8,0,171043.0
171035,Champa,Siregar,Finance,Finance Executive,Singapore,Champa.Siregar@allinone.com.sg,2,OImKGid4,0,171043.0
171036,Rahim,Devi,Finance,Finance Executive,Singapore,Rahim.Devi@allinone.com.sg,2,5s7BlyHr,0,171043.0
171038,Hakim,Myat,Finance,Finance Executive,Singapore,Hakim.Myat@allinone.com.sg,2,4Ts43t6v,0,171043.0
171039,Trung,Chen,Finance,Finance Executive,Singapore,Trung.Chen@allinone.com.sg,2,CJvQ5WEf,0,171043.0
171041,Seng,Loo,Finance,Finance Executive,Singapore,Seng.Loo@allinone.com.sg,2,fbaANMTh,0,171043.0
171042,Narong,Kong,Finance,Finance Executive,Singapore,Narong.Kong@allinone.com.sg,2,RxTkayCI,0,171043.0
180012,Ji,Khung,Consultancy,Counsultant,Singapore,Ji.Khung@allinone.com.sg,2,cyJPZRoB,0,180001.0
180029,Chandra,Nguyen,Consultancy,Counsultant,Singapore,Chandra.Nguyen@allinone.com.sg,2,4WuHdJKi,0,180001.0
180002,Rithy,Chong,Consultancy,Counsultant,Singapore,Rithy.Chong@allinone.com.sg,2,8BvmJdR5,0,180001.0
180003,Mani,Phalp,Consultancy,Counsultant,Singapore,Mani.Phalp@allinone.com.sg,2,BvKt9aA6,0,180001.0
180004,Sokunthea,Beng,Consultancy,Counsultant,Singapore,Sokunthea.Beng@allinone.com.sg,2,xofjZWb0,0,180001.0
180005,Mani,Pheap,Consultancy,Counsultant,Singapore,Mani.Pheap@allinone.com.sg,2,VHRWjPfV,0,180001.0
180006,Somnang,Harun,Consultancy,Counsultant,Singapore,Somnang.Harun@allinone.com.sg,2,V9r5qQYZ,0,180001.0
180010,Samsul,Rahman,Consultancy,Counsultant,Singapore,Samsul.Rahman@allinone.com.sg,2,g6qsDeIU,0,180001.0
180011,Bui Lui,Phan,Consultancy,Counsultant,Singapore,Bui Lui.Phan@allinone.com.sg,2,lm0mfChO,0,180001.0
180013,Rahim,Pich,Consultancy,Counsultant,Singapore,Rahim.Pich@allinone.com.sg,2,wW9F7vpL,0,180001.0
180014,Dewi,Hoang,Consultancy,Counsultant,Singapore,Dewi.Hoang@allinone.com.sg,2,lNeTR4Wd,0,180001.0
180015,Sokha,Kumar,Consultancy,Counsultant,Singapore,Sokha.Kumar@allinone.com.sg,2,O61VHMQE,0,180001.0
180019,Tuan,Le,Consultancy,Counsultant,Singapore,Tuan.Le@allinone.com.sg,2,QTid34NI,0,180001.0
180020,Bao,Seng,Consultancy,Counsultant,Singapore,Bao.Seng@allinone.com.sg,2,Plkzm5De,0,180001.0
180021,Amara,Kesavan,Consultancy,Counsultant,Singapore,Amara.Kesavan@allinone.com.sg,2,NtbcNW0K,0,180001.0
180022,Srey,Ahmad,Consultancy,Counsultant,Singapore,Srey.Ahmad@allinone.com.sg,2,WqO5mJJP,0,180001.0
180023,Arifi,Sok,Consultancy,Counsultant,Singapore,Arifi.Sok@allinone.com.sg,2,oLoleUgM,0,180001.0
180025,Chin,Pham,Consultancy,Counsultant,Singapore,Chin.Pham@allinone.com.sg,2,uat7qzJl,0,180001.0
180026,Siti,Suon,Consultancy,Counsultant,Singapore,Siti.Suon@allinone.com.sg,2,2zsZngnG,0,180001.0
180027,Siti,Vo,Consultancy,Counsultant,Singapore,Siti.Vo@allinone.com.sg,2,hLM1jxPK,0,180001.0
180030,Rina,Singh,Consultancy,Counsultant,Singapore,Rina.Singh@allinone.com.sg,2,TQJy9VAn,0,180001.0
180032,Chandara,Yong,Consultancy,Counsultant,Singapore,Chandara.Yong@allinone.com.sg,2,lelusVCt,0,180001.0
180033,Heng Meng,Sou,Consultancy,Counsultant,Singapore,Heng Meng.Sou@allinone.com.sg,2,XyA7iw02,0,180001.0
180034,Priya,Lim,Consultancy,Counsultant,Singapore,Priya.Lim@allinone.com.sg,2,hcORtn6q,0,180001.0
180036,Ngoc,Sun,Consultancy,Counsultant,Singapore,Ngoc.Sun@allinone.com.sg,2,g7ESNETi,0,180001.0
180037,Manoj,Mao,Consultancy,Counsultant,Singapore,Manoj.Mao@allinone.com.sg,2,5NEzqwct,0,180001.0
180038,Somi,Seng,Consultancy,Counsultant,Singapore,Somi.Seng@allinone.com.sg,2,LPbVBkRJ,0,180001.0
190003,Chin Meng,Heng,Solutioning,Developers,Singapore,ChinMeng.Heng@allinone.com.sg,2,3vtj9Xb5,0,150008.0
190004,Sok,Saad,Solutioning,Developers,Singapore,Sok.Saad@allinone.com.sg,2,yqVSWS1b,0,150008.0
190005,Tatkong,Ly,Solutioning,Developers,Singapore,Tatkong.Ly@allinone.com.sg,2,YBLOko3Q,0,150008.0
190006,Sani,Truong,Solutioning,Developers,Singapore,Sani.Truong@allinone.com.sg,2,d4vJLm28,0,150008.0
190008,Kakim,Rahman,Solutioning,Developers,Singapore,Kakim.Rahman@allinone.com.sg,2,0bUeJP4V,0,150008.0
190009,Siri,Kaur,Solutioning,Developers,Singapore,Siri.Kaur@allinone.com.sg,2,DSbDtfV0,0,150008.0
190010,Rata,Chen,Solutioning,Developers,Singapore,Rata.Chen@allinone.com.sg,2,Mqxi7fq4,0,150008.0
190014,Yee Meng,Sok,Solutioning,Developers,Singapore,Yee Meng.Sok@allinone.com.sg,2,xPh9kxV0,0,150008.0
190015,Wai Wai,Lam,Solutioning,Developers,Singapore,Wai Wai.Lam@allinone.com.sg,2,VeZ0eNRZ,0,150008.0
190016,Thin,Chin,Solutioning,Developers,Singapore,Thin.Chin@allinone.com.sg,2,TJTafOeg,0,150008.0
190017,Nara,Kong,Solutioning,Developers,Singapore,Nara.Kong@allinone.com.sg,2,hc1FA5wg,0,150008.0
190018,Manni,Sok,Solutioning,Developers,Singapore,Manni.Sok@allinone.com.sg,2,sPg6xbHw,0,150008.0
190021,An,Devan,Solutioning,Developers,Singapore,An.Devan@allinone.com.sg,2,knjv0BOe,0,150008.0
190022,Rithe,Phan,Solutioning,Developers,Singapore,Rithe.Phan@allinone.com.sg,2,4ocHDKkI,0,150008.0
190024,Koh Kok,Sarawat,Solutioning,Developers,Singapore,Koh Kok.Sarawat@allinone.com.sg,2,2eOea22h,0,150008.0
190025,Arifi,Tuan,Solutioning,Developers,Singapore,Arifi.Tuan@allinone.com.sg,2,JvuOmWe4,0,150008.0
190026,Kumar,Kim,Solutioning,Developers,Singapore,Kumar.Kim@allinone.com.sg,2,CFyBt3CY,0,150008.0
190027,Narong,Sok,Solutioning,Developers,Singapore,Narong.Sok@allinone.com.sg,2,952XD3eZ,0,150008.0
190028,Thin,Khun,Solutioning,Developers,Singapore,Thin.Khun@allinone.com.sg,2,DY3t6KKx,0,150008.0
190029,Vannak,Saifullah,Solutioning,Developers,Singapore,Vannak.Saifullah@allinone.com.sg,2,diwnJANN,0,150008.0
190030,Phuon,Li,Solutioning,Developers,Singapore,Phuon.Li@allinone.com.sg,2,q0jOiJOw,0,150008.0
190031,Sri,Prasad,Solutioning,Developers,Singapore,Sri.Prasad@allinone.com.sg,2,KuAi49MI,0,150008.0
190032,Haing,Seng,Solutioning,Developers,Singapore,Haing.Seng@allinone.com.sg,2,Rwfrjk8y,0,150008.0
190033,Chin Chin,Siregar,Solutioning,Developers,Singapore,Chin Chin.Siregar@allinone.com.sg,2,o91PLn9Y,0,150008.0
190035,Kumari,Devi,Solutioning,Developers,Singapore,Kumari.Devi@allinone.com.sg,2,WXVVFEKP,0,150008.0
190036,Narong,Myat,Solutioning,Developers,Singapore,Narong.Myat@allinone.com.sg,2,KlKtV8Ny,0,150008.0
190038,Heng,Chen,Solutioning,Developers,Singapore,Heng.Chen@allinone.com.sg,2,iAufJ5vG,0,150008.0
190040,Rina,Loo,Solutioning,Developers,Singapore,Rina.Loo@allinone.com.sg,2,dnEfjxtm,0,150008.0
190041,Boun,Kong,Solutioning,Developers,Singapore,Boun.Kong@allinone.com.sg,2,K7S025Mo,0,150008.0
190042,Aung,Khung,Solutioning,Developers,Singapore,Aung.Khung@allinone.com.sg,2,F6LtqEju,0,150008.0
190043,Thu,Nguyen,Solutioning,Developers,Singapore,Thu.Nguyen@allinone.com.sg,2,HA70YkRD,0,150008.0
190044,Rajesh,Chong,Solutioning,Developers,Singapore,Rajesh.Chong@allinone.com.sg,2,G37FUp09,0,150008.0
190045,Koh,Phalp,Solutioning,Developers,Singapore,Koh.Phalp@allinone.com.sg,2,5P1j0wmy,0,150008.0
190046,Somchai,Seng,Solutioning,Developers,Singapore,Somchai.Seng@allinone.com.sg,2,pJJ0MKfO,0,150008.0
190047,Seng,Pheap,Solutioning,Developers,Singapore,Seng.Pheap@allinone.com.sg,2,QoeoenXn,0,150008.0
190048,Anh,Harun,Solutioning,Developers,Singapore,Anh.Harun@allinone.com.sg,2,e2dAJGj9,0,150008.0
190049,Ratana,Sulaiman,Solutioning,Developers,Singapore,Ratana.Sulaiman@allinone.com.sg,2,rGFcHYMp,0,150008.0
190050,Bui Lui,Nguyen,Solutioning,Developers,Singapore,BuiLui.Nguyen@allinone.com.sg,2,oXxfuTyh,0,150008.0
190051,Rahim,Saon,Solutioning,Developers,Singapore,Rahim.Saon@allinone.com.sg,2,ObhzV5KM,0,150008.0
190052,Dewi,Savoeun,Solutioning,Developers,Singapore,Dewi.Savoeun@allinone.com.sg,2,qmgEeoSE,0,150008.0
190054,Sokha,Luon,Solutioning,Developers,Singapore,Sokha.Luon@allinone.com.sg,2,aK3QOAag,0,150008.0
190055,Tuan,Tithe,Solutioning,Developers,Singapore,Tuan.Tithe@allinone.com.sg,2,uPJbo00F,0,150008.0
190056,Bao,Lu,Solutioning,Developers,Singapore,Bao.Lu@allinone.com.sg,2,ohRYTFaM,0,150008.0
190057,Amara,Singh,Solutioning,Developers,Singapore,Amara.Singh@allinone.com.sg,2,Bl0MlnMR,0,150008.0
190058,Srey,Mao,Solutioning,Developers,Singapore,Srey.Mao@allinone.com.sg,2,N0PDWZfB,0,150008.0
190064,Arifi,Sapu,Solutioning,Support Team,Singapore,Arifi.Sapu@allinone.com.sg,2,3vRrdjx0,0,150008.0
190091,Chin,Tran,Solutioning,Support Team,Singapore,Chin.Tran@allinone.com.sg,2,n2w0aP7l,0,150008.0
190092,Siti,Ahmah,Solutioning,Support Team,Singapore,Siti.Ahmah@allinone.com.sg,2,UNCy3WSm,0,150008.0
190065,Siti,Salah,Solutioning,Support Team,Malaysia,Siti.Salah@allinone.com.my,2,fVNj7loq,0,150008.0
190066,Rina,Siriporn,Solutioning,Support Team,Malaysia,Rina.Siriporn@allinone.com.my,2,hP21EKLK,0,150008.0
190068,Chandara,Kim,Solutioning,Support Team,Malaysia,Chandara.Kim@allinone.com.my,2,wI7huqlb,0,150008.0
190069,Heng Meng,Phan,Solutioning,Support Team,Indonesia ,HengMeng.Phan@allinone.com.id,2,HZKj7Dbc,0,150008.0
190074,Priya,Maliki,Solutioning,Support Team,Indonesia ,Priya.Maliki@allinone.com.id,2,ftA4eYVV,0,150008.0
190075,Ngoc,Trinh,Solutioning,Support Team,Indonesia ,Ngoc.Trinh@allinone.com.id,2,S7vXItK7,0,150008.0
190076,Manoj,Kumar,Solutioning,Support Team,Indonesia ,Manoj.Kumar@allinone.com.id,2,r4necVsR,0,150008.0
190078,Somi,Somsri,Solutioning,Support Team,Vietnam,Somi.Somsri@allinone.com.vn,2,GbIgfwc4,0,150008.0
190079,Chin,Lim,Solutioning,Support Team,Vietnam,Chin.Lim@allinone.com.vn,2,tLoyRKk7,0,150008.0
190080,Sok,Chay,Solutioning,Support Team,Hong Kong,Sok.Chay@allinone.com.hk,2,lVc6QSfK,0,150008.0
190082,Tatkong,Nguyen,Solutioning,Support Team,Hong Kong,Tatkong.Nguyen@allinone.com.hk,2,c4Bm2ACe,0,150008.0
190087,Sani,Perumal,Solutioning,Support Team,Hong Kong,Sani.Perumal@allinone.com.hk,2,Bdg3thM5,0,150008.0
190088,Kakim,Siregar,Solutioning,Support Team,Hong Kong,Kakim.Siregar@allinone.com.hk,2,UwrSAcOX,0,150008.0
190089,Siri,Chaiyaporn,Solutioning,Support Team,Hong Kong,Siri.Chaiyaporn@allinone.com.hk,2,grCvIPPJ,0,150008.0
190094,Rata,Keo,Solutioning,Support Team,Singapore,Rata.Keo@allinone.com.sg,2,NZSr2AuU,0,150008.0
190095,Yee Meng,Lim,Solutioning,Support Team,Singapore,YeeMeng.Lim@allinone.com.sg,2,tJihSKFN,0,150008.0
190096,Wai Wai,Yong,Solutioning,Support Team,Singapore,WaiWai.Yong@allinone.com.sg,2,X0qupOoe,0,150008.0
190097,Thin,Pham,Solutioning,Support Team,Singapore,Thin.Pham@allinone.com.sg,2,r06IleHF,0,150008.0
190098,Nara,Sook,Solutioning,Support Team,Singapore,Nara.Sook@allinone.com.sg,2,HqDc6woV,0,150008.0
210018,Manni,Devi,IT,IT Team,Singapore,Manni.Devi@allinone.com.sg,2,s21y7BFW,0,210001.0
210028,An,Vo,IT,IT Team,Singapore,An.Vo@allinone.com.sg,2,uGwaQAfd,0,210001.0
210017,Rithe,Sok,IT,IT Team,Singapore,Rithe.Sok@allinone.com.sg,2,4fCm7fgb,0,210001.0
210019,Koh Kok,Seng,IT,IT Team,Singapore,KohKok.Seng@allinone.com.sg,2,42RYSHvu,0,210001.0
210020,Arifi,Saputra,IT,IT Team,Singapore,Arifi.Saputra@allinone.com.sg,2,HGiVbTsl,0,210001.0
210021,Kumar,Pillai,IT,IT Team,Singapore,Kumar.Pillai@allinone.com.sg,2,i4cYCn7j,0,210001.0
210022,Narong,Phua,IT,IT Team,Singapore,Narong.Phua@allinone.com.sg,2,PyIUl3ZH,0,210001.0
210023,Thin,Ling,IT,IT Team,Singapore,Thin.Ling@allinone.com.sg,2,DINqlxbI,0,210001.0
210024,Vannak,Teng,IT,IT Team,Singapore,Vannak.Teng@allinone.com.sg,2,TDuHh6At,0,210001.0
210025,Phuon,Truong,IT,IT Team,Singapore,Phuon.Truong@allinone.com.sg,2,HLoXNnoI,0,210001.0
210026,Sri,Suon,IT,IT Team,Singapore,Sri.Suon@allinone.com.sg,2,uccXMtcf,0,210001.0
210027,Haing,Myat,IT,IT Team,Singapore,Haing.Myat@allinone.com.sg,2,mx43tLGk,0,210001.0
210029,Chin Chin,Chen,IT,IT Team,Singapore,ChinChin.Chen@allinone.com.sg,2,Fv9Ir2df,0,210001.0
210030,Narah,Loo,IT,IT Team,Singapore,Narah.Loo@allinone.com.sg,2,U34wgdPH,0,210001.0
210031,Somachai,Kong,IT,IT Team,Singapore,Somachai.Kong@allinone.com.sg,2,NGOOalNp,0,210001.0
210032,Rath,Khung,IT,IT Team,Singapore,Rath.Khung@allinone.com.sg,2,sb8QGK9p,0,210001.0
210033,Chin,Nguyen,IT,IT Team,Singapore,Chin.Nguyen@allinone.com.sg,2,JDBi5Y3K,0,210001.0
210034,Yee Seng,Chong,IT,IT Team,Singapore,YeeSeng.Chong@allinone.com.sg,2,vZUlNsvV,0,210001.0
210035,Heng,Phalp,IT,IT Team,Singapore,Heng.Phalp@allinone.com.sg,2,9ZatW9vo,0,210001.0
210036,Sokuntheap,Seng,IT,IT Team,Singapore,Sokuntheap.Seng@allinone.com.sg,2,de8VgCTv,0,210001.0
210037,Champan,Pheap,IT,IT Team,Singapore,Champan.Pheap@allinone.com.sg,2,gfC2fKVr,0,210001.0
210038,Kahim,Harun,IT,IT Team,Singapore,Kahim.Harun@allinone.com.sg,2,EwFaVlWJ,0,210001.0
210039,Halim,Sulaiman,IT,IT Team,Singapore,Halim.Sulaiman@allinone.com.sg,2,8tqELf1j,0,210001.0
210040,Trong,Nguyen,IT,IT Team,Singapore,Trong.Nguyen@allinone.com.sg,2,22elsohE,0,210001.0
210041,Seng,Saon,IT,IT Team,Singapore,Seng.Saon@allinone.com.sg,2,yo5rpbuA,0,210001.0
210042,Naron,Savoeun,IT,IT Team,Singapore,Naron.Savoeun@allinone.com.sg,2,Ye3aGCm0,0,210001.0
210043,Phuc,Luon,IT,IT Team,Singapore,Phuc.Luon@allinone.com.sg,2,R9dGvBtj,0,210001.0
210044,Chandara,Tithe,IT,IT Team,Singapore,tithe.chandra@allinone.com.sg,2,UbhpyErK,0,210001.0
111111,Test,Account,IT,IT Team,Singapore,testspmg2t7@gmail.com,2,vGaQVUrS,0,130002.0
140880,Heng,Chan,Sales,Account Manager,Singapore,Heng.Chan@allinone.com.sg,2,kLh2zPLS,0,140008.0
140881,Rina,Tan,Sales,Account Manager,Singapore,Rina.Tan@allinone.com.sg,2,1dzypdFU,0,140008.0
140882,Boun,Souk,Sales,Account Manager,Singapore,Boun.Souk@allinone.com.sg,2,4pMaBP3R,0,140008.0
140883,Aung,Kyaw,Sales,Account Manager,Singapore,Aung.Kyaw@allinone.com.sg,2,tE1ZMLj4,0,140008.0
140886,Thuy,Nguyen,Sales,Account Manager,Singapore,Thuy.Nguyen@allinone.com.sg,2,fKh8UQaA,0,140008.0
140887,Rajesh,Kumar,Sales,Account Manager,Singapore,Rajesh.Kumar@allinone.com.sg,2,hSZ5rjM2,0,140008.0
140888,Koh,Lim,Sales,Account Manager,Singapore,Koh.Lim@allinone.com.sg,2,USs518D2,0,140008.0
140889,Somchai,Somboon,Sales,Account Manager,Singapore,Somchai.Somboon@allinone.com.sg,2,hTymw8wp,0,140008.0
140890,Seng,Lee,Sales,Account Manager,Singapore,Seng.Lee@allinone.com.sg,2,gNdiYW7z,0,140008.0
140891,Anh,Tran,Sales,Account Manager,Singapore,Anh.Tran@allinone.com.sg,2,Pk4n5BrG,0,140008.0
140892,Ratana,Chen,Sales,Account Manager,Singapore,Ratana.Chen@allinone.com.sg,2,qAkk2oLk,0,140008.0
140893,Bui,Nguyen,Sales,Account Manager,Singapore,Bui.Nguyen@allinone.com.sg,2,vWPQ74vG,0,140103.0
140895,Dewi,Putri,Sales,Account Manager,Singapore,Dewi.Putri@allinone.com.sg,2,QFUfcxb7,0,140103.0
140898,Sokha,Seng,Sales,Account Manager,Singapore,Sokha.Seng@allinone.com.sg,2,71fA43I9,0,140103.0
140900,Tuan,Nguyen,Sales,Account Manager,Singapore,Tuan.Nguyen@allinone.com.sg,2,JIexiKmX,0,140103.0
140901,Bao,Luu,Sales,Account Manager,Singapore,Bao.Luu@allinone.com.sg,2,4mOD4EGm,0,140103.0
140940,Siti,Ahmad,Sales,Account Manager,Singapore,Siti.Ahmad@allinone.com.sg,2,5GOg20Y0,0,140879.0
140941,Chandra,Rai,Sales,Account Manager,Singapore,Chandra.Rai@allinone.com.sg,2,1Sc14rDM,0,140879.0
140942,Ratana,Keo,Sales,Account Manager,Singapore,Ratana.Keo@allinone.com.sg,2,IBUd7EpP,0,140879.0
140945,Wai,Yong,Sales,Account Manager,Singapore,Wai.Yong@allinone.com.sg,2,xbwfEgAf,0,140879.0
140947,Thi,Pham,Sales,Account Manager,Singapore,Thi.Pham@allinone.com.sg,2,xSIGaqgm,0,140879.0
140948,Nara,Sok,Sales,Account Manager,Singapore,Nara.Sok@allinone.com.sg,2,UHCwpJhJ,0,140879.0
140927,Chin,Lim,Sales,Account Manager,Hong Kong,Chin.Lim@allinone.com.hk,2,8IFYVdR5,0,140879.0
140928,Sok,Chhay,Sales,Account Manager,Hong Kong,Sok.Chhay@allinone.com.hk,2,xvyvzs0r,0,140879.0
140929,Tat,Nguyen,Sales,Account Manager,Hong Kong,Tat.Nguyen@allinone.com.hk,2,MnMnW5Eg,0,140879.0
140933,Hlaing,Sithu,Sales,Account Manager,Hong Kong,Hlaing.Sithu@allinone.com.hk,2,kkXoHeNi,0,140879.0
140934,Santhi,Perumal,Sales,Account Manager,Hong Kong,Santhi.Perumal@allinone.com.hk,2,JeS5oCgu,0,140879.0
140935,Hakim,Siregar,Sales,Account Manager,Hong Kong,Hakim.Siregar@allinone.com.hk,2,CD9Dj1QQ,0,140879.0
140937,Sirirat,Chaiyaporn,Sales,Account Manager,Hong Kong,Sirirat.Chaiyaporn@allinone.com.hk,2,QLetTyyu,0,140879.0
140938,Chinh,Tran,Sales,Account Manager,Hong Kong,Chinh.Tran@allinone.com.hk,2,Zc05tmcE,0,140879.0
140910,Rina,Siriporn,Sales,Account Manager,Indonesia ,Rina.Siriporn@allinone.com.id,2,VFimGBO7,0,140879.0
140911,Minh,Ly,Sales,Account Manager,Indonesia ,Minh.Ly@allinone.com.id,2,DQpzydiJ,0,140944.0
140912,Chandara,Kim,Sales,Account Manager,Indonesia ,Chandara.Kim@allinone.com.id,2,qA3AG7DZ,0,140944.0
140917,Heng,Phan,Sales,Account Manager,Indonesia ,Heng.Phan@allinone.com.id,2,OtMAFGFE,0,140944.0
140918,Nara,Khun,Sales,Account Manager,Indonesia ,Nara.Khun@allinone.com.id,2,XaVs83eY,0,140944.0
140919,Priya,Malik,Sales,Account Manager,Indonesia ,Priya.Malik@allinone.com.id,2,cj3yOkcL,0,140944.0
140903,Amara,Singh,Sales,Account Manager,Malaysia,Amara.Singh@allinone.com.my,2,vQWDGf0g,0,140944.0
140904,Srey,Mao,Sales,Account Manager,Malaysia,Srey.Mao@allinone.com.my,2,1Cg3syTd,0,140944.0
140905,Phuc,Le,Sales,Account Manager,Malaysia,Phuc.Le@allinone.com.my,2,hqcK0LkQ,0,140944.0
140908,Arifin,Saputra,Sales,Account Manager,Malaysia,Arifin.Saputra@allinone.com.my,2,MeEvNVUM,0,140944.0
140909,Siti,Salleh,Sales,Account Manager,Malaysia,Siti.Salleh@allinone.com.my,2,UCwiVrl4,0,140944.0
